{"cameraMode":{"drawMode":0,"name":"Shaded","section":"Shading Mode"},"sceneLighting":true,"audioPlay":false,"sceneViewState":{"showFog":true,"showMaterialUpdate":false,"showSkybox":true,"showFlares":true,"showImageEffects":true,"showParticleSystems":true},"in2DMode":false,"pivot":{"x":-11.135917663574219,"y":-22.106969833374025,"z":19.543994903564454},"rotation":{"x":-0.19144544005393983,"y":-0.6322997212409973,"z":0.16561901569366456,"w":-0.7323392629623413},"size":27.645214080810548,"orthographic":false}