{"cameraMode":{"drawMode":0,"name":"Shaded","section":"Shading Mode"},"sceneLighting":true,"audioPlay":false,"sceneViewState":{"showFog":true,"showMaterialUpdate":false,"showSkybox":true,"showFlares":true,"showImageEffects":true,"showParticleSystems":true},"in2DMode":false,"pivot":{"x":-5.280807018280029,"y":-2.353631019592285,"z":4.647252559661865},"rotation":{"x":0.18954256176948548,"y":-0.42783257365226748,"z":0.09226563572883606,"w":0.8789424896240234},"size":6.502161026000977,"orthographic":false}